{"xBR": {"xBR": 0.7581158511821627, "xDC": 0.14773807077060164, "xDJ": -0.3199625836082909, "xDL": -2.629134345497839, "xDS": -94.93947786502669, "xHA": 0.7225187045499333, "xKZ": -3.3749724070353464, "xML": 0.6184362712471194, "xNG": -3.394116913106373, "xRM": 0.6776860158218172, "xSB": -56.768959833720764, "xSC": -0.33310311741818244, "xSE": 0.09398631474241381, "xSL": -178.75745795041428, "xST": 0.8311680064827751, "xTL": -0.5806875052289293, "xTR": 0.7472626235960664, "xUK": 0.18862465138601336, "xUN": 0.46980256182761126, "xWD": -1.3956364954433655, "xWR": 0.3494481608416874}, "xDC": {"xBR": 0.5328371921324999, "xDC": 0.8324128360912085, "xDJ": 0.5059060320050537, "xDL": -2.116174643718458, "xDS": -40.725608275639516, "xHA": 0.6831849052205063, "xKZ": -0.013181949509747826, "xML": 0.6416434551265835, "xNG": 0.7538405042432952, "xRM": 0.40482722676307903, "xSB": -6.170501164142158, "xSC": 0.13386449574380876, "xSE": 0.3259020568587765, "xSL": -10.831043676982912, "xST": 0.848225843048626, "xTL": 0.23845909952726008, "xTR": 0.7272220723878157, "xUK": 0.7207998602335606, "xUN": 0.7642384755541118, "xWD": 0.5985153653128206, "xWR": 0.014215126674827827}, "xDJ": {"xBR": 0.411227348474151, "xDC": 0.5621894365714347, "xDJ": 0.8120102597489114, "xDL": -0.6430217468065496, "xDS": -13.414306482326921, "xHA": -2.7662888190967676, "xKZ": 0.1693350111400358, "xML": -1.136499150544335, "xNG": 0.659049919766137, "xRM": 0.5153907315418846, "xSB": 0.0038688545311654776, "xSC": -2.592273775755857, "xSE": -0.2469487140576161, "xSL": -2.703949118397115, "xST": 0.5844551472961446, "xTL": 0.36422794108300605, "xTR": 0.502238005777541, "xUK": 0.11894721462273194, "xUN": 0.5545149093738417, "xWD": 0.490397426950542, "xWR": -0.14630263483479355}, "xDL": {"xBR": 0.12163037742228133, "xDC": 0.5508272773421632, "xDJ": 0.2880754295507526, "xDL": 0.8352676508206349, "xDS": -8.12990727892555, "xHA": 0.3720180877457063, "xKZ": -1.8349293340547425e+171, "xML": 0.07211561116605525, "xNG": 0.6750623661523962, "xRM": 0.02123451616558647, "xSB": -0.7682581589286457, "xSC": 0.2836776782577435, "xSE": 0.6404530166064215, "xSL": -15.255679361478439, "xST": 0.5629786115051754, "xTL": -1.8666457407075645e+175, "xTR": 0.45435253215189153, "xUK": 0.6082090192851173, "xUN": 0.43228532977054535, "xWD": -3.733373104950162e+173, "xWR": -0.38279262420100135}, "xDS": {"xBR": -0.19378659666844245, "xDC": 0.19157293121662844, "xDJ": 0.20959587462782392, "xDL": -0.10088118948094316, "xDS": 0.7010992957883977, "xHA": -0.15074640343868584, "xKZ": 0.42091555018458826, "xML": -0.43808163442216297, "xNG": 0.4719693217858223, "xRM": -0.1895047107541461, "xSB": 0.6103325542506477, "xSC": -0.72468451227785, "xSE": -0.13288985066716874, "xSL": 0.10377401831855682, "xST": 0.08144422102695881, "xTL": 0.2707669111171206, "xTR": 0.07715247258733127, "xUK": -0.008775786268332642, "xUN": 0.1877901861421275, "xWD": 0.3539434574317267, "xWR": -0.8330868627112304}, "xHA": {"xBR": 0.6429249021350587, "xDC": 0.6663757608743883, "xDJ": 0.6449821595510694, "xDL": -0.645005784226168, "xDS": -35.70716198491481, "xHA": 0.7851657676711113, "xKZ": -0.48588160682043924, "xML": 0.5968289117921963, "xNG": -0.09765333502654072, "xRM": 0.7207205767776956, "xSB": -11.572976927446188, "xSC": 0.14021799229035725, "xSE": 0.4727945981873417, "xSL": -36.34718430687281, "xST": 0.8800079792846571, "xTL": -0.010897193725229348, "xTR": 0.7511118976448413, "xUK": 0.7664663741817019, "xUN": 0.8399763529235303, "xWD": 0.2018358076464506, "xWR": 0.3460734880502735}, "xKZ": {"xBR": -0.2612349860805956, "xDC": 0.38146801690841947, "xDJ": -0.02751652217344902, "xDL": 0.5872271376143505, "xDS": -9.57539885158613, "xHA": 0.048389372098029626, "xKZ": 0.8578587454134721, "xML": -0.1404504399181865, "xNG": 0.6998686963050793, "xRM": -0.44842431185632314, "xSB": -1.3677142573596623, "xSC": 0.16141682102143295, "xSE": 0.3360440977770539, "xSL": -15.529307895682809, "xST": 0.2599020018353293, "xTL": 0.19054220467866834, "xTR": 0.22325988809063402, "xUK": 0.3188381566236226, "xUN": 0.11228013624914457, "xWD": 0.5246848892166865, "xWR": -0.7758464650527621}, "xML": {"xBR": 0.6208660160803234, "xDC": 0.43113211771971116, "xDJ": -0.10307521690746224, "xDL": -2.8143173849096805, "xDS": -93.48246568832437, "xHA": 0.684646025707931, "xKZ": -2.3415322329211268, "xML": 0.7612836466590142, "xNG": -2.143986003214652, "xRM": 0.5602057651639158, "xSB": -73.20010623115309, "xSC": 0.04341080185541624, "xSE": 0.22113131479691128, "xSL": -97.62500897345541, "xST": 0.84643861859617, "xTL": -0.104893014433451, "xTR": 0.7240085722818254, "xUK": 0.166199884501242, "xUN": 0.6370738027731058, "xWD": -0.6775339757820296, "xWR": 0.15114559734417699}, "xNG": {"xBR": 0.06847731791907297, "xDC": 0.6606978463914082, "xDJ": 0.17508728098373716, "xDL": -2.8234930301229424, "xDS": -39.84283544753703, "xHA": 0.3730164305207466, "xKZ": 0.24373082623925024, "xML": 0.25909342820093173, "xNG": 0.851845851252865, "xRM": -0.2306856992276518, "xSB": -2.904496665815344, "xSC": 0.1443794140266832, "xSE": 0.26153750204436466, "xSL": -9.886573486895813, "xST": 0.5898922423545669, "xTL": 0.49605085092316437, "xTR": 0.4805756303630718, "xUK": 0.42815439370660247, "xUN": 0.4032949664099016, "xWD": 0.6376739242218747, "xWR": -0.5004839945890764}, "xRM": {"xBR": 0.7100859666218824, "xDC": 0.39013512752478585, "xDJ": 0.42441857092671054, "xDL": -8.561699547256184, "xDS": -156.2109726566994, "xHA": 0.5813569912784264, "xKZ": -1.5945072804350663e+24, "xML": 0.4033776915579683, "xNG": -1.5982356122243941, "xRM": 0.8219403593187322, "xSB": -52.82773082586256, "xSC": -1.7666372125425127, "xSE": -0.982090676000702, "xSL": -112.4141767259494, "xST": 0.7359189274361699, "xTL": -2.602632068385906e+29, "xTR": 0.7335745555751387, "xUK": 0.06696140139345097, "xUN": 0.7089575062085154, "xWD": -5.508242976406278e+21, "xWR": 0.4090944635675112}, "xSB": {"xBR": 0.18257134546252407, "xDC": 0.4440244539904814, "xDJ": 0.5299936044909634, "xDL": 0.5262699889682028, "xDS": -0.04795357192008831, "xHA": 0.3053726298099273, "xKZ": -19980512.50133684, "xML": 0.040612776264633776, "xNG": 0.6161458686717338, "xRM": 0.3220723632279443, "xSB": 0.8545276886575828, "xSC": 0.09731893132753977, "xSE": 0.40422547203367276, "xSL": -1.2656416021778836, "xST": 0.48869310870596294, "xTL": -307048634.30317307, "xTR": 0.3647503306081209, "xUK": 0.4088943594972656, "xUN": 0.49430678930304617, "xWD": -72761906.50571863, "xWR": -0.3773383415420348}, "xSC": {"xBR": 0.23080652681326752, "xDC": 0.6185090112535528, "xDJ": 0.32169947879592387, "xDL": 0.6033910673055454, "xDS": -12.269729305427228, "xHA": 0.553180482323909, "xKZ": 0.7127162103803378, "xML": 0.35055878435736054, "xNG": 0.670464434563065, "xRM": 0.41891281118285495, "xSB": -2.323022199736536, "xSC": 0.7046521906433283, "xSE": 0.6711847398903678, "xSL": -16.36542149534183, "xST": 0.7199931655384412, "xTL": 0.194124548177118, "xTR": 0.5560631380715653, "xUK": 0.7106352373838174, "xUN": 0.5558685033183657, "xWD": 0.6586446955305261, "xWR": -0.15482302858603325}, "xSE": {"xBR": 0.4586630946053196, "xDC": 0.6798335210804478, "xDJ": 0.501708192156459, "xDL": 0.7443432774547359, "xDS": -11.203902260263511, "xHA": 0.6250691952086413, "xKZ": 0.6043341680667114, "xML": 0.39079258214718504, "xNG": 0.6103175948340522, "xRM": 0.5359130962224901, "xSB": -1.1682409576348003, "xSC": 0.45703577814953833, "xSE": 0.7673085766904504, "xSL": -17.363383671962485, "xST": 0.7865714672302033, "xTL": -0.10907543196907166, "xTR": 0.6258185573409829, "xUK": 0.7784357324031598, "xUN": 0.6879143414264581, "xWD": 0.6239398919118564, "xWR": 0.052151969042944835}, "xSL": {"xBR": -0.6914038759662118, "xDC": -0.04912761179244707, "xDJ": -0.19946793456490597, "xDL": -0.1329209334712691, "xDS": 0.17415176549614197, "xHA": -0.22557204299227696, "xKZ": 0.30993678111859424, "xML": -0.8822575841758387, "xNG": 0.07079996566263103, "xRM": -1.0325851571785782, "xSB": -0.2537572866938178, "xSC": -0.7792635906867003,