{"xBR": {"xBR": 0.7618952438217391, "xDC": 0.6094111481189084, "xDJ": 0.2773172029421351, "xDL": 0.7543638993576124, "xDS": 0.5042227446438863, "xHA": 0.7452130178080056, "xKZ": 0.7136448171109232, "xML": 0.7080781806572441, "xNG": 0.5729665432921127, "xRM": 0.7610088170036684, "xSB": 0.675880846628331, "xSC": 0.6167883618859419, "xSE": 0.7210386756078849, "xSL": 0.404411733190522, "xST": 0.8979848500814319, "xTL": 0.575841899008467, "xTR": 0.7633170162696697, "xUK": 0.7865169405883902, "xUN": 0.7315781695970686, "xWD": 0.6307133667668515, "xWR": 0.4451459597814182}, "xDC": {"xBR": 0.6816927276931536, "xDC": 0.8352771032282925, "xDJ": 0.5404589206401128, "xDL": 0.5050446497657641, "xDS": 0.24572172065857587, "xHA": 0.7034233947541673, "xKZ": 0.7645593907060144, "xML": 0.6555175911748143, "xNG": 0.8414413742001816, "xRM": 0.7521335185363167, "xSB": 0.5023310339496891, "xSC": 0.6283866890109057, "xSE": 0.6404243385355116, "xSL": 0.713117955639182, "xST": 0.8622540105871529, "xTL": 0.36094411225154216, "xTR": 0.7415413180211378, "xUK": 0.7380882296000979, "xUN": 0.780317941682802, "xWD": 0.7341235973459515, "xWR": 0.3891304782027766}, "xDJ": {"xBR": 0.5345162352888061, "xDC": 0.6636835473390703, "xDJ": 0.8199549592894967, "xDL": 0.15954958157671625, "xDS": 0.004704217651392837, "xHA": 0.06983164485481622, "xKZ": 0.29760391731452673, "xML": 0.21754920330334754, "xNG": 0.6716265737646262, "xRM": 0.7069387086107178, "xSB": 0.393516087287646, "xSC": 0.03696575994336424, "xSE": 0.1264532721869458, "xSL": 0.27354704777596095, "xST": 0.6379986971844995, "xTL": 0.563617346090021, "xTR": 0.593340247926299, "xUK": 0.29831991758087173, "xUN": 0.6441497253636717, "xWD": 0.5335868506771344, "xWR": 0.32148520850461787}, "xDL": {"xBR": 0.7120826649086679, "xDC": 0.6576935483958407, "xDJ": 0.5035851386467085, "xDL": 0.8374130401027133, "xDS": 0.582516879786807, "xHA": 0.7518649552783067, "xKZ": 4.471678412783526e-05, "xML": 0.6788696594774021, "xNG": 0.6955113100551931, "xRM": 0.6633639117694, "xSB": 0.66760126415289, "xSC": 0.6117149225506483, "xSE": 0.7702549854316459, "xSL": 0.5339764401044077, "xST": 0.8480590776405249, "xTL": 0.0003204505599829486, "xTR": 0.7315986228892666, "xUK": 0.8699639598320834, "xUN": 0.8015333545418357, "xWD": 0.0009110918488378714, "xWR": 0.5744183504657815}, "xDS": {"xBR": 0.7174706577472015, "xDC": 0.7217866514253748, "xDJ": 0.6554738651551464, "xDL": 0.7737076271169883, "xDS": 0.703576364885215, "xHA": 0.7748570070910821, "xKZ": 0.7725109970777881, "xML": 0.7575079289447105, "xNG": 0.6879950330720913, "xRM": 0.7304257187356722, "xSB": 0.8275858974216913, "xSC": 0.6206679813273184, "xSE": 0.7176838428694012, "xSL": 0.6219665612615475, "xST": 0.8696322331811213, "xTL": 0.5116260693110269, "xTR": 0.7377921068868895, "xUK": 0.7997347466544468, "xUN": 0.8407957841275226, "xWD": 0.6851162864658165, "xWR": 0.6200943365784239}, "xHA": {"xBR": 0.7323826799947063, "xDC": 0.6916143639622543, "xDJ": 0.6629073770323392, "xDL": 0.7912485546444262, "xDS": 0.5731259787967821, "xHA": 0.7891683383433483, "xKZ": 0.7968729176007416, "xML": 0.6107702535759166, "xNG": 0.646433063720136, "xRM": 0.7494495505737182, "xSB": 0.8084165927234549, "xSC": 0.6698185494728599, "xSE": 0.7385061518164031, "xSL": 0.5708149063095559, "xST": 0.8831964109669947, "xTL": 0.5283974716527023, "xTR": 0.7585075207835963, "xUK": 0.8375474369328414, "xUN": 0.8477796550755928, "xWD": 0.647788711644302, "xWR": 0.5958651878497816}, "xKZ": {"xBR": 0.6906482547454386, "xDC": 0.6905069434552629, "xDJ": 0.23716252032104654, "xDL": 0.6250651057540578, "xDS": 0.5477906673244302, "xHA": 0.6915195956039702, "xKZ": 0.8605828883571024, "xML": 0.6415328858044745, "xNG": 0.7685898129092799, "xRM": 0.775476257313032, "xSB": 0.5635898612445696, "xSC": 0.6618246707146495, "xSE": 0.662412304085899, "xSL": 0.5292059200587446, "xST": 0.8670603208628006, "xTL": 0.5503321380191682, "xTR": 0.7643050788399507, "xUK": 0.8153581358330819, "xUN": 0.6784214617748251, "xWD": 0.6984652602439507, "xWR": 0.217493885976907}, "xML": {"xBR": 0.6996465037122148, "xDC": 0.6319312620853426, "xDJ": 0.15407652298217436, "xDL": 0.6654693956876339, "xDS": 0.6080063071848107, "xHA": 0.7099696685288309, "xKZ": 0.7633833904632555, "xML": 0.7652200225339889, "xNG": 0.628259909118293, "xRM": 0.7052056846081428, "xSB": 0.7350113600425959, "xSC": 0.5808811580426323, "xSE": 0.658591639008299, "xSL": 0.47282768189290963, "xST": 0.8503486445061187, "xTL": 0.41980086816130574, "xTR": 0.7290708052890709, "xUK": 0.734160614452434, "xUN": 0.7209815653360373, "xWD": 0.646637923420038, "xWR": 0.3449644279365088}, "xNG": {"xBR": 0.5301829572283866, "xDC": 0.7752067448956166, "xDJ": 0.3180366824238603, "xDL": 0.28017035008447455, "xDS": 0.13444920985850575, "xHA": 0.5071614721758001, "xKZ": 0.6844723713496036, "xML": 0.41300969139804994, "xNG": 0.8567725877082613, "xRM": 0.6192539653681232, "xSB": 0.37270438570725634, "xSC": 0.5253675398553618, "xSE": 0.43884813752358237, "xSL": 0.6606811854228755, "xST": 0.702095062133324, "xTL": 0.5870534215206651, "xTR": 0.6398293581897615, "xUK": 0.5519038858259655, "xUN": 0.5998551180971812, "xWD": 0.6746937086382012, "xWR": 0.1192080122534895}, "xRM": {"xBR": 0.7187795906115896, "xDC": 0.6715081315620646, "xDJ": 0.5379796675750201, "xDL": 0.643151623642024, "xDS": 0.4774882733665318, "xHA": 0.6969726946806065, "xKZ": 2.9356895700139866e-05, "xML": 0.6210820116468809, "xNG": 0.6847704520767594, "xRM": 0.8309712623342056, "xSB": 0.7482177140708103, "xSC": 0.6410089903548668, "xSE": 0.649961888329748, "xSL": 0.5168560985262287, "xST": 0.867452095483279, "xTL": 8.02056350669253e-05, "xTR": 0.7593334749144365, "xUK": 0.7916673347370814, "xUN": 0.803243069712075, "xWD": 4.667003172623557e-05, "xWR": 0.4372525010134307}, "xSB": {"xBR": 0.6834429216261274, "xDC": 0.7122015533984667, "xDJ": 0.8016942945503983, "xDL": 0.7951544404926629, "xDS": 0.6586300172873399, "xHA": 0.7765942397786285, "xKZ": 1.6850550946077757e-05, "xML": 0.6697978797852624, "xNG": 0.6570341222485253, "xRM": 0.7354580024891996, "xSB": 0.8551840022971391, "xSC": 0.631591942870776, "xSE": 0.7330615867913546, "xSL": 0.6370238724023024, "xST": 0.8414303206066148, "xTL": 0.00029179750162001955, "xTR": 0.7266151117332327, "xUK": 0.8155410464180047, "xUN": 0.8171031231628577, "xWD": 0.0002965996940020551, "xWR": 0.633760637918195}, "xSC": {"xBR": 0.7400865270381108, "xDC": 0.7112366209621906, "xDJ": 0.33381381198310917, "xDL": 0.6922507687817435, "xDS": 0.49921525428486263, "xHA": 0.7368325602625593, "xKZ": 0.840478843432885, "xML": 0.5235248535447038, "xNG": 0.7003350115465213, "xRM": 0.741612466820251, "xSB": 0.7811153241161798, "xSC": 0.7105921704025439, "xSE": 0.6983686973407087, "xSL": 0.5948307705357258, "xST": 0.8865393757249602, "xTL": 0.5054675980495891, "xTR": 0.7746650754296684, "xUK": 0.8340986555375347, "xUN": 0.7761291040108199, "xWD": 0.6605941433196567, "xWR": 0.39674476593425156}, "xSE": {"xBR": 0.7369348162815926, "xDC": 0.7060384801625847, "xDJ": 0.5649776976603395, "xDL": 0.8179494250028407, "xDS": 0.5224351956660269, "xHA": 0.7533275652811401, "xKZ": 0.7997529035898993, "xML": 0.6864621312642654, "xNG": 0.694120507941202, "xRM": 0.6994844725101758, "xSB": 0.7104318142275292, "xSC": 0.6043856482026978, "xSE": 0.7734491791480829, "xSL": 0.5766404692875644, "xST": 0.870104196826678, "xTL": 0.5633863162636905, "xTR": 0.7443111830665229, "xUK": 0.8521374193053621, "xUN": 0.8275512204342389, "xWD": 0.6544634392328639, "xWR": 0.5651426771507851}, "xSL": {"xBR": 0.5532205245184614, "xDC": 0.7351928121627115, "xDJ": 0.6034818943965902, "xDL": 0.5885210677067918, "xDS": 0.44559252216581985, "xHA": 0.6968390971570632, "xKZ": 0.7763482444267574, "xML": 0.46738611349587833, "xNG": 0.7509846371795257, "xRM": 0.5447711482602922, "xSB": 0.5814165498953828, "xSC": 0.6275292000786543, "xSE": 0.6105315504900359, "xSL": 0.7797661950543108, "xST": 0.8070749837753058, "xTL": 0.3739872770411526, "xTR": 0.6705157415844594,